# Less common or shorter name HenningJ  is replaced by Henning Jungkurth 
# Less common or shorter name hanyazou  is replaced by Zou Hanya 
# Less common or shorter name larshg  is replaced by Lars Glud 
# Less common or shorter name christiankerl  is replaced by Christian Kerl 
Albert Hofkamp <a.t.hofkamp@tue.nl>
Alistair <alistair.wk@gmail.com>
Brendan Burns <bburns@google.com>
# Less common email <christian-kerl@web.de> is removed.
Christian Kerl <christian.kerl@in.tum.de>
Dave Coleman <davetcoleman@gmail.com>
Dorian Galvez-Lopez <dorian@email.gwu.edu>
Federico Spinelli <fspinelli@gmail.com>
Florian Echtler <floe@butterbrot.org>
Francisco Facioni <fran6co@gmail.com>
Gabor Papp <gabor.papp@gmail.com>
Giacomo Dabisias <g.dabisias@sssup.it>
Henning Jungkurth <henning.jungkurth@gmail.com>
James Billingham <james@jamesbillingham.com>
Joshua Blake <joshblake@gmail.com>
Lars Glud <larshg@gmail.com>
# Less common email <xlz@users.noreply.github.com> is removed.
Lingzhu Xiang <lingzhu@lingzhuxiang.com>
Ludique <contacto@ludique.cl>
Mario Wündsch <dev@wuendsch.net>
# Less common email <matthias.goldhoorn@uni-bremen.de> is removed.
# Less common email <Matthias@Goldhoorn.eu> is removed.
Matthias Goldhoorn <matthias.goldhoorn@dfki.de>
Matthieu FT <matthieu.ft@gmx.fr>
MrTatsch <tatsch@gmail.com>
P.E. Viau <viau.pe@gmail.com>
Paul Reynolds <paul@blastoffgames.net>
# Less common email <rjw57@cantab.net> is removed.
Rich Wareham <rjw57@cam.ac.uk>
Ryan Gordon <ryan@quizlet.com>
Sergey Gusarov <laborer2008@gmail.com>
Steffen Fuchs <st.fuchs.tr@gmail.com>
# Less common email <wiedemeyer@informatik.uni-bremen.de> is removed.
Thiemo Wiedemeyer <wiedemeyer@cs.uni-bremen.de>
Zou Hanya <hanyazou@gmail.com>
augmenta <augmenta@augmenta.home>
rahulraw <rahulrawat.can@gmail.com>
vinouz <vinouz@yahoo.fr>
yuanmingze <3054502461@sina.com>
